"","Estimate","Std..Error","t.value","Pr...t.."
"(Intercept)",7.93967514570119,0.0827561390043382,95.9406183181768,0
"X.1",1.98989294860513,0.016587558547715,119.962979656174,0
"X.2",1.01614331647679,0.0251740282772211,40.3647483544082,7.94026221987987e-247
"X.32",-1.9667421739487,0.115287314035753,-17.0594847351441,4.03077592258259e-60
"X.33",-4.97095365964692,0.116560313461477,-42.6470512306046,9.93798009339757e-267
"X.34",-1.87100244348922,0.113738085524652,-16.4500961560822,2.48591355771767e-56
"X.35",0.0331707536574206,0.114872696727015,0.288760990231197,0.772801390526372
